<?xml version="1.0" encoding="UTF-8"?><alumnos><alumno><nombre>Ana Lilia</nombre><apellidos>Acuna Gallareta</apellidos><promedio>10</promedio></alumno><alumno><nombre>Alejandro</nombre><apellidos>Aceves Lopez de Nava</apellidos><promedio>9</promedio></alumno><alumno><nombre>Alicia Maria</nombre><apellidos>Acosta Garcia</apellidos><promedio>8</promedio></alumno><alumno><nombre>Adriana</nombre><apellidos>Acevedo Hernandez</apellidos><promedio>7</promedio></alumno><alumno><nombre>Alicia</nombre><apellidos>Acosta Baeza</apellidos><promedio>6</promedio></alumno><alumno><nombre>Adrian Jesus</nombre><apellidos>Aceves Pastor</apellidos><promedio>5</promedio></alumno><alumno><nombre>Arturo</nombre><apellidos>Adame Gomez</apellidos><promedio>5</promedio></alumno><alumno><nombre>Alejandro</nombre><apellidos>Acosta Garcia</apellidos><promedio>4</promedio></alumno></alumnos>